{
    "MLB": {
        "Arizona Diamondbacks": "ARI",
        "Atlanta Braves": "ATL",
        "Baltimore Orioles": "BAL",
        "Boston Red Sox": "BOS",
        "Chicago Cubs": "CHC",
        "Chicago White Sox": "CWS",
        "Cincinnati Reds": "CIN",
        "Cleveland Guardians": "CLE",
        "Cleveland Indians": "CLE",
        "Colorado Rockies": "COL",
        "Detroit Tigers": "DET",
        "Houston Astros": "HOU",
        "Kansas City Royals": "KC",
        "Los Angeles Angels": "LAA",
        "Los Angeles Dodgers": "LAD",
        "Miami Marlins": "MIA",
        "Milwaukee Brewers": "MIL",
        "Minnesota Twins": "MIN",
        "New York Mets": "NYM",
        "New York Yankees": "NYY",
        "Oakland Athletics": "OAK",
        "Philadelphia Phillies": "PHI",
        "Pittsburgh Pirates": "PIT",
        "San Diego Padres": "SD",
        "San Francisco Giants": "SF",
        "Seattle Mariners": "SEA",
        "St Louis Cardinals": "STL",
        "St. Louis Cardinals": "STL",
        "Tampa Bay Rays": "TB",
        "Texas Rangers": "TEX",
        "Toronto Blue Jays": "TOR",
        "Washington Nationals": "WAS",
        "American League": "AL",
        "National League": "NL"
    },
    "NHL": {
        "Anaheim Ducks": "ANA",
        "Arizona Coyotes": "ARI",
        "Boston Bruins": "BOS",
        "Buffalo Sabres": "BUF",
        "Calgary Flames": "CGY",
        "Carolina Hurricanes": "CAR",
        "Chicago Blackhawks": "CHI",
        "Colorado Avalanche": "COL",
        "Columbus Blue Jackets": "CBJ",
        "Dallas Stars": "DAL",
        "Detroit Red Wings": "DET",
        "Edmonton Oilers": "EDM",
        "Florida Panthers": "FLA",
        "Los Angeles Kings": "LA",
        "Minnesota Wild": "MIN",
        "Montreal Canadiens": "MTL",
        "Nashville Predators": "NSH",
        "New Jersey Devils": "NJ",
        "New York Islanders": "NYI",
        "New York Rangers": "NYR",
        "Ottawa Senators": "OTT",
        "Philadelphia Flyers": "PHI",
        "Pittsburgh Penguins": "PIT",
        "San Jose Sharks": "SJ",
        "Seattle Kraken": "SEA",
        "St. Louis Blues": "STL",
        "St Louis Blues": "STL",
        "Tampa Bay Lightning": "TB",
        "Toronto Maple Leafs": "TOR",
        "Vancouver Canucks": "VAN",
        "Vegas Golden Knights": "VGK",
        "Washington Capitals": "WAS",
        "Winnipeg Jets": "WPG"
    },
    "NBA": {
        "Atlanta Hawks": "ATL",
        "Boston Celtics": "BOS",
        "Brooklyn Nets": "BKN",
        "Charlotte Hornets": "CHA",
        "Chicago Bulls": "CHI",
        "Cleveland Cavaliers": "CLE",
        "Dallas Mavericks": "DAL",
        "Denver Nuggets": "DEN",
        "Detroit Pistons": "DET",
        "Golden State Warriors": "GSW",
        "Houston Rockets": "HOU",
        "Indiana Pacers": "IND",
        "Los Angeles Clippers": "LAC",
        "Los Angeles Lakers": "LAL",
        "Memphis Grizzlies": "MEM",
        "Miami Heat": "MIA",
        "Milwaukee Bucks": "MIL",
        "Minnesota Timberwolves": "MIN",
        "New Orleans Pelicans": "NO",
        "New York Knicks": "NYK",
        "Oklahoma City Thunder": "OKC",
        "Orlando Magic": "ORL",
        "Philadelphia 76ers": "PHI",
        "Phoenix Suns": "PHX",
        "Portland Trail Blazers": "POR",
        "Sacramento Kings": "SAC",
        "San Antonio Spurs": "SAS",
        "Toronto Raptors": "TOR",
        "Utah Jazz": "UTA",
        "Washington Wizards": "WAS"
    },
    "NFL": {
        "Arizona Cardinals": "ARI",
        "Atlanta Falcons": "ATL",
        "Baltimore Ravens": "BAL",
        "Buffalo Bills": "BUF",
        "Carolina Panthers": "CAR",
        "Chicago Bears": "CHI",
        "Cincinnati Bengals": "CIN",
        "Cleveland Browns": "CLE",
        "Dallas Cowboys": "DAL",
        "Denver Broncos": "DEN",
        "Detroit Lions": "DET",
        "Green Bay Packers": "GB",
        "Houston Texans": "HOU",
        "Indianapolis Colts": "IND",
        "Jacksonville Jaguars": "JAX",
        "Kansas City Chiefs": "KC",
        "Las Vegas Raiders": "LV",
        "Los Angeles Chargers": "LAC",
        "Los Angeles Rams": "LAR",
        "Miami Dolphins": "MIA",
        "Minnesota Vikings": "MIN",
        "New England Patriots": "NE",
        "New Orleans Saints": "NO",
        "New York Giants": "NYG",
        "New York Jets": "NYJ",
        "Philadelphia Eagles": "PHI",
        "Pittsburgh Steelers": "PIT",
        "San Francisco 49ers": "SF",
        "Seattle Seahawks": "SEA",
        "Tampa Bay Buccaneers": "TB",
        "Tennessee Titans": "TEN",
        "Washington Commanders": "WAS",
        "Washington Football Team": "WAS"
    },
    "NCAAF": {
        "Abilene Christian Wildcats": "ACU",
        "Adams State Grizzlies": "ADST",
        "Adrian Bulldogs": "ADR",
        "Adrian Saints": "SH",
        "Air Force Falcons": "AFA",
        "Akron Zips": "AKR",
        "Alabama A&M Bulldogs": "AAMU",
        "Alabama Crimson Tide": "ALA",
        "Alabama State Hornets": "ALST",
        "Albany State GA Golden Rams": "ALBGA",
        "Albion Britons": "ALBI",
        "Albright Lions": "ALBRIGHT",
        "Alcorn State Braves": "ALCN",
        "Alfred State Pioneers": "ASC",
        "Alfred University Saxons": "ALF",
        "Allegheny Gators": "ALL",
        "Allen Yellow Jackets": "ALN",
        "Alma Scots": "ALM",
        "American International Yellow Jackets": "AIC",
        "Amherst Mammoths": "AMH",
        "Anderson (IN) Ravens": "AND",
        "Angelo State Rams": "ANG",
        "Anna Maria College Amcats": "ANN",
        "Appalachian State Mountaineers": "APP",
        "Apprentice School Builders": "APPRE",
        "Arizona State Sun Devils": "ASU",
        "Arizona Wildcats": "ARIZ",
        "Arkansas Razorbacks": "ARK",
        "Arkansas State Red Wolves": "ARST",
        "Arkansas Tech Wonder Boys": "ARKTECH",
        "Arkansas-Monticello Boll Weevils": "ARKMONT",
        "Arkansas-Pine Bluff Golden Lions": "UAPB",
        "Army Black Knights": "ARMY",
        "Ashland Eagles": "ASH",
        "Assumption Greyhounds": "ASP",
        "Auburn Tigers": "AUB",
        "Augsburg Auggies": "AUG",
        "Augustana (IL) Vikings": "AUGIL",
        "Augustana (SD) Vikings": "AUGS",
        "Aurora Spartans": "AUR",
        "Austin 'Roos": "AUS",
        "Austin Peay Governors": "APSU",
        "Ave Maria University Gyrenes": "AVE M",
        "Averett Cougars": "AVE",
        "Avila University Eagles": "AVILA",
        "Azusa Pacific Cougars": "AZU",
        "BLUEFIELD Ramblin' Rams": "BLU",
        "BYU Cougars": "BYU",
        "Bacone": "BACONE",
        "Baker University Baker": "BAK",
        "Baldwin Wallace Yellow Jackets": "BAL",
        "Ball State Cardinals": "BALL",
        "Bates Bobcats": "BAT",
        "Baylor Bears": "BAY",
        "Becker College Hawks": "BEC",
        "Belhaven Blazers": "BELHA",
        "Beloit Buccaneers": "BEL",
        "Bemidji State Beavers": "BST",
        "Benedict College Tigers": "BEN",
        "Benedictine College Ravens": "BENC",
        "Benedictine University Eagles": "BENILL",
        "Bentley Falcons": "BENT",
        "Berry College Vikings": "BER",
        "Bethany (KS) Bethany (Ks)": "BETHA",
        "Bethany (WV) Bison": "BETHWV",
        "Bethel (MN) Royals": "BET",
        "Bethel University Tennessee Wildcats": "BETHTN",
        "Bethune-Cookman Wildcats": "BCU",
        "Biddeford Nor'easters": "NWENG",
        "Birmingham-Southern Panthers": "BIRMI",
        "Black Hills State Yellow Jackets": "BHST",
        "Blackburn Beavers": "BLA",
        "Bloomsburg Huskies": "BLMSB",
        "Bluefield State Big Blues": "BLUEF",
        "Bluffton Beavers": "BLUFFTON",
        "Boise State Broncos": "BOIS",
        "Boston College Eagles": "BC",
        "Bowdoin Polar Bears": "BOW",
        "Bowie State Bulldogs": "BOWIE",
        "Bowling Green Falcons": "BGSU",
        "Brevard College Tornados": "BRE",
        "Bridgewater (MA) Bears": "BRIDG",
        "Bridgewater (VA) Eagles": "BRDVA",
        "British Columbia British Col": "BBM",
        "Brockport Golden Eagles": "BRO",
        "Brown Bears": "BRWN",
        "Bryant Bulldogs": "BRY",
        "Bucknell Bison": "BUCK",
        "Buena Vista Beavers": "BUENA",
        "Buffalo Bulls": "BUFF",
        "Buffalo State Bengals": "BUF",
        "Butler Bulldogs": "BUT",
        "CALDWELL Yotes": "COI",
        "CSU Pueblo Thunderwolves": "CSTP",
        "Cal Poly Mustangs": "CP",
        "California Golden Bears": "CAL",
        "California Lutheran University Kingsmen": "CALLUTH",
        "Campbell Fighting Camels": "CAM",
        "Capital Comets": "CAPITAL",
        "Carleton Knights": "CARLETON",
        "Carnegie Mellon Tartans": "CARNGMELL",
        "Carroll University (WI) Pioneers": "CARRO",
        "Carson-Newman College Eagles": "CAR",
        "Carthage Firebirds": "CARCWI",
        "Case Western Reserve Spartans": "CSR",
        "Castleton Spartans": "CAS",
        "Catawba Indians": "CAT",
        "Catholic Cardinals": "CATH",
        "Central Arkansas Bears": "CARK",
        "Central College Dutch": "CNTCIA",
        "Central Connecticut Blue Devils": "CCSU",
        "Central Methodist Eagles": "CDF",
        "Central Michigan Chippewas": "CMU",
        "Central Missouri Mules": "CENTMIZZ",
        "Central Oklahoma Bronchos": "CENTOKLA",
        "Central State (OH) Marauders": "CTLSTOH",
        "Central Washington Wildcats": "CENTWASH",
        "Centre College Kentucky Colonels": "CENTRE",
        "Chadron St Eagles": "CHADRONST",
        "Chapman Panthers": "CHA",
        "Charleston Southern Buccaneers": "CHSO",
        "Charlotte 49ers": "CLT",
        "Charlotte Saints": "COLLE",
        "Chattanooga Mocs": "UTC",
        "Cheyney Wolves": "CHE",
        "Chicago Maroons": "CHI",
        "Chowan Hawks": "CHOWA",
        "Christopher Newport Captains": "CHR",
        "Cincinnati Bearcats": "CIN",
        "Claremont-Mudd-Scripps College Stags": "CLA",
        "Clarion Golden Eagles": "CLARION",
        "Clark Atlanta Panthers": "CLK",
        "Clemson Tigers": "CLEM",
        "Coast Guard Bears": "USCGA",
        "Coastal Carolina Chanticleers": "CCU",
        "Coe College Kohawks": "COE",
        "Colby College White Mules": "COLBY",
        "Colgate Raiders": "COLG",
        "College Of New Jersey Lions": "CNJ",
        "Colorado Buffaloes": "COLO",
        "Colorado College Tigers": "COLC",
        "Colorado Mesa Mavericks": "MESA",
        "Colorado School Of Mines Orediggers": "COLOMINES",
        "Colorado State Rams": "CSU",
        "Columbia Lions": "COLU",
        "Concord University Mountain Lions": "CONCORD",
        "Concordia (AL) Hornets": "CON",
        "Concordia Moorhead Cobbers": "CONCOMN",
        "Concordia University Chicago Cougars": "CONCOIL",
        "Concordia University St Paul Golden Bears": "CONCSTP",
        "Concordia-Michigan Cardinals": "CONCMI",
        "Concordia-Wisconsin Falcons": "CONCWI",
        "Cornell Big Red": "COR",
        "Cornell College (IA) Rams": "CORNELLIA",
        "Cortland Red Dragons": "CORTLAND",
        "Crown College Polars": "CROWN",
        "Culver-Stockton College Wildcats": "CULVE",
        "Cumberland (KY) Indians": "CUMB",
        "Cumberland (TN) Bulldogs": "CUMBTN",
        "Curry College Colonels": "CUR",
        "Dakota State University Dakota St": "DAKOT",
        "Dakota Wesleyan": "DWU",
        "Dartmouth Big Green": "DART",
        "Davidson Wildcats": "DAV",
        "Dayton Flyers": "DAY",
        "Defiance College Yellow Jackets": "DEF",
        "Delaware Fightin' Blue Hens": "DEL",
        "Delaware State Hornets": "DSU",
        "Delaware Valley Aggies": "DV",
        "Delta State Statesmen": "DELTAST",
        "Denison University Big Red": "DENISON",
        "Depauw Tigers": "DEP",
        "Des Moines Vikings": "GRANDVIEW",
        "Dickinson (PA) Red Devils": "DIC",
        "Dickinson State University Blue Hawks": "DIC",
        "Drake Bulldogs": "DRKE",
        "Dubuque Spartans": "DUB",
        "Duke Blue Devils": "DUKE",
        "Duquesne Dukes": "DUQ",
        "ERSKINE Flying Fleet": "ERSKINE",
        "Earlham College Quakers": "EARLHAM",
        "East Carolina Pirates": "ECU",
        "East Central (OK) Tigers": "ECTLOK",
        "East Stroudsburg University Warriors": "ESTROUD",
        "East Tennessee State Buccaneers": "ETSU",
        "East Texas Baptist University Tigers": "ETXBAP",
        "Eastern Illinois Panthers": "EIU",
        "Eastern Kentucky Colonels": "EKU",
        "Eastern Michigan Eagles": "EMU",
        "Eastern New Mexico Greyhounds": "EASTERNNM",
        "Eastern Oregon": "EORE",
        "Eastern Washington Eagles": "EWU",
        "Edinboro University Fighting Scots": "EDINBORO",
        "Edward Waters Tigers": "EDWATERS",
        "Elizabeth City State Vikings": "ELIZCSU",
        "Elmhurst Bluejays": "ELM",
        "Elon Phoenix": "ELON",
        "Emory & Henry College Wasps": "EMHEN",
        "Emporia State University Hornets": "EMPORIAST",
        "Endicott College Gulls": "END",
        "Erie Kats": "ECC",
        "Eureka College Red Devils": "EUR",
        "Evangel University Crusaders": "EVA",
        "FDU-Florham Devils": "FDUFLOR",
        "Fairmont State Falcons": "FAIRST",
        "Faulkner University Eagles": "FAULKNER",
        "Fayetteville State Broncos": "FAYVLST",
        "Ferris State Bulldogs": "FRST",
        "Ferrum Panthers": "FER",
        "Findlay Oilers": "FINDLAY",
        "Finlandia University Lions": "FINL",
        "Fitchburg State Falcons": "FITCH",
        "Florida A&M Rattlers": "FAMU",
        "Florida Atlantic Owls": "FAU",
        "Florida Gators": "FLA",
        "Florida International Panthers": "FIU",
        "Florida State Seminoles": "FSU",
        "Fordham Rams": "FOR",
        "Fort Hays State Tigers": "FTHAYST",
        "Fort Lewis Skyhawks": "FORTLEW",
        "Fort Valley State Wildcats": "FTVALLEY",
        "Framingham State Rams": "FRA",
        "Franklin & Marshall Diplomats": "FRKLNMAR",
        "Franklin Grizzlies": "FRANKLIN",
        "Franklin Pierce Ravens": "FRANK",
        "Fresno State Bulldogs": "FRES",
        "Frostburg State Bobcats": "FRO",
        "Furman Paladins": "FUR",
        "Gallaudet Bison": "GALLAUDET",
        "Gannon Golden Knights": "GAN",
        "Gardner-Webb Runnin' Bulldogs": "GWEB",
        "Geneva Golden Tornadoes": "GENEVA",
        "George Mason University Patriots": "GMU",
        "Georgetown Hoyas": "GTWN",
        "Georgia Bulldogs": "UGA",
        "Georgia Southern Eagles": "GASO",
        "Georgia State Panthers": "GAST",
        "Georgia Tech Yellow Jackets": "GT",
        "Gettysburg Bullets": "GETTY",
        "Glenville State Pioneers": "GLENVILLE",
        "Graceland University Graceland": "GRC",
        "Grambling Tigers": "GRAM",
        "Grand Valley State University Lakers": "GVSU",
        "Greeneville Pioneers": "TUS",
        "Greensboro College Pride": "GRNSBORO",
        "Greenville Panthers": "GRNVIL",
        "Grinnell Pioneers": "GRI",
        "Grove City College Wolverines": "GRO",
        "Guilford College Quakers": "GUILFORD",
        "Gustavus Adolphus Golden Gusties": "GUSADOL",
        "Hamilton Continentals": "HAM",
        "Hamline University Pipers": "HAM",
        "Hampden-Sydney Tigers": "HAM",
        "Hampton Pirates": "HAMP",
        "Hanover College Panthers": "HANOVER",
        "Hardin-Simmons Cowboys": "HARDSIM",
        "Harding University Bisons": "HARDING",
        "Hartwick Hawks": "HAR",
        "Harvard Crimson": "HARV",
        "Haskell Indian Nations Univ Jayhawks": "HASKELL",
        "Hawaii Rainbow Warriors": "HAW",
        "Heidelberg Student Princes": "HEI",
        "Henderson State Reddies": "HENDERSON",
        "Hendrix College Warriors": "HENDRIX",
        "Hilbert College HILBERT": "HILBE",
        "Hillsdale Chargers": "HILLSDALE",
        "Hiram College Terriers": "HIRAM",
        "Hobart Statesmen": "HBRT",
        "Holland College Hurricanes": "HOL",
        "Holy Cross Crusaders": "HC",
        "Hope College Flying Dutchmen": "HOP",
        "Houston Christian Huskies": "HCU",
        "Houston Cougars": "HOU",
        "Howard Bison": "HOW",
        "Howard Payne Yellow Jackets": "HOWPAY",
        "Huntingdon College (AL) Hawks": "HNTNGDN",
        "Husson Eagles": "HUSSON",
        "Idaho State Bengals": "IDST",
        "Idaho Vandals": "IDHO",
        "Illinois College Blueboys": "ILLCOLL",
        "Illinois Fighting Illini": "ILL",
        "Illinois State Redbirds": "ILST",
        "Illinois Wesleyan Titans": "ILLWES",
        "Incarnate Word Cardinals": "UIW",
        "Indiana Hoosiers": "IU",
        "Indiana State Sycamores": "INST",
        "Indiana-Pennsylvania Crimson Hawks": "INDIANAPA",
        "Indianapolis Greyhounds": "INDY",
        "Iowa Hawkeyes": "IOWA",
        "Iowa State Cyclones": "ISU",
        "Iowa Wesleyan Tigers": "IOW",
        "Ithaca College Bombers": "ITH",
        "Jackson State Tigers": "JKST",
        "Jacksonville State Gamecocks": "JVST",
        "James Madison Dukes": "JMU",
        "Jamestown College Jimmies": "JAM",
        "John Carroll University Blue Streaks": "JCARROL",
        "Johns Hopkins Blue Jays": "JHU",
        "Johnson C Smith Golden Bulls": "JCSMITH",
        "Juniata College Eagles": "JUN",
        "Kalamazoo Hornets": "KAL",
        "Kansas Jayhawks": "KU",
        "Kansas State Wildcats": "KSU",
        "Kansas Wesleyan Ks Wesleyan": "KANSA",
        "Kean Cougars": "KEAN",
        "Kennesaw State Owls": "KENN",
        "Kent State Golden Flashes": "KENT",
        "Kentucky Christian Knights": "KYCHR",
        "Kentucky State Thorobreds": "KYSTATE",
        "Kentucky Wesleyan Panthers": "KYWESL",
        "Kentucky Wildcats": "UK",
        "Kenyon Owls": "KEN",
        "Kings College (PA) Monarchs": "KIN",
        "Knox College Prairie Fire": "KNO",
        "Kutztown University Golden Bears": "KUTZTOWN",
        "LA PLUME Keystone": "KEYST",
        "LAKELAND Fires": "SEU",
        "LSU Tigers": "LSU",
        "La Verne Leopards": "LAVERNE",
        "Lafayette Leopards": "LAF",
        "Lagrange College Panthers": "LAG",
        "Lake Erie Storm": "LAKEERIE",
        "Lake Forest College Foresters": "LAK",
        "Lakeland Muskies": "LAKEL",
        "Lamar Cardinals": "LAM",
        "Lambuth Eagles": "LAM",
        "Lane College Dragons": "LANE",
        "Langston University Lions": "LANGSTON",
        "Lawrence University Vikings": "LAW",
        "Lebanon Valley Flying Dutchmen": "LEB",
        "Lehigh Mountain Hawks": "LEH",
        "Lenoir-Rhyne Bears": "LENRHYNE",
        "Lewis & Clark College Pioneers": "LEWCLRK",
        "Liberty Flames": "LIB",
        "Limestone Saints": "LIMESTONE",
        "Lincoln (MO) Blue Tigers": "LIN",
        "Lincoln (PA) Lions": "LINCOLNPA",
        "Lindenwood Belleville Lynx": "LINB",
        "Lindenwood Lions": "LIN",
        "Lindsey Wilson College Lindsey": "LINDWIL",
        "Linfield College Wildcats": "LIN",
        "Livingstone Blue Bears": "LIVCOL",
        "Lock Haven Bald Eagles": "LHU",
        "Long Island University Sharks": "LIU",
        "Loras College Duhawks": "LOR",
        "Louisiana College Wildcats": "LACOLLEGE",
        "Louisiana Ragin' Cajuns": "UL",
        "Louisiana Tech Bulldogs": "LT",
        "Louisville Cardinals": "LOU",
        "Luther Norse": "LUT",
        "Lycoming Warriors": "LYCOMING",
        "MANITOBA Manitoba": "MAN",
        "MIT Engineers": "MIT",
        "Macalester Scots": "MACALES",
        "Maine Black Bears": "ME",
        "Maine Maritime Mariners": "MAI",
        "Manchester Spartans": "MNCHSTR",
        "Mansfield University Mountaineers": "MANSFIELD",
        "Marian College Marian": "MARIANIN",
        "Marietta Pioneers": "MAR",
        "Marist Red Foxes": "MRST",
        "Mars Hill Mountain Lions": "MARSHILL",
        "Marshall Thundering Herd": "MRSH",
        "Martin Luther Knights": "MAR",
        "Mary Hardin-Baylor Crusaders": "MRYHRBAY",
        "Maryland Terrapins": "MD",
        "Maryville College (TN) Scots": "MRYVILTN",
        "Mass Maritime Buccaneers": "MAMARI",
        "Massachusetts Minutemen": "MASS",
        "Mayville State Comets": "MAYVILLE",
        "McDaniel College Green Terror": "MCD",
        "McKendree Bearcats": "MAN",
        "McMurry War Hawks": "MCM",
        "McNeese Cowboys": "MCN",
        "Memphis Tigers": "MEM",
        "Menlo College Oaks": "MENLO",
        "Mercer Bears": "MER",
        "Merchant Marine Academy Mariners": "MERCHMAR",
        "Mercyhurst Lakers": "MERC",
        "Merrimack Warriors": "MRMK",
        "Methodist Monarchs": "MTH",
        "Miami (OH) RedHawks": "M-OH",
        "Miami Hurricanes": "MIA",
        "Michigan State Spartans": "MSU",
        "Michigan Tech Huskies": "MTU",
        "Michigan Wolverines": "MICH",
        "Middle Tennessee Blue Raiders": "MTSU",
        "Middlebury Panthers": "MIDLBRY",
        "Midland Lutheran College Midland Lutheran": "MIDLAND",
        "Midwestern State Mustangs": "MID",
        "Miles College Golden Bears": "MIL",
        "Millersville Marauders": "MIL",
        "Millikin Big Blue": "MIL",
        "Millsaps Majors": "MIL",
        "Minnesota Duluth Bulldogs": "UMD",
        "Minnesota Golden Gophers": "MINN",
        "Minnesota Morris Cougars": "MNMOR",
        "Minnesota State Mankato Mavericks": "MNST",
        "Minnesota State Moorhead Dragons": "MINNE",
        "Minot State Beavers": "MINOT",
        "Misericordia Cougars": "MISC",
        "Mississippi College Choctaws": "MIS",
        "Mississippi State Bulldogs": "MSST",
        "Mississippi Valley State Delta Devils": "MVSU",
        "Missouri S&T Miners": "MISSO",
        "Missouri Southern State Lions": "MOSSTC",
        "Missouri State Bears": "MOST",
        "Missouri Tigers": "MIZ",
        "Missouri Western Griffons": "MOW",
        "Monmouth (IL) Fighting Scots": "MONMIL",
        "Monmouth Hawks": "MONM",
        "Montana Grizzlies": "MONT",
        "Montana State Bobcats": "MTST",
        "Montana-Western Bulldogs": "MTWST",
        "Montclair State Red Hawks": "MON",
        "Monterrey Tech Borregos": "MON",
        "Moravian Greyhounds": "MOR",
        "Morehead State Eagles": "MORE",
        "Morehouse College Maroon Tigers": "MOR",
        "Morgan State Bears": "MORG",
        "Morningside College Chiefs": "MSIDE",
        "Mount Ida College Mustangs": "MOU",
        "Mount St. Joseph Lions": "MTS",
        "Muhlenberg Mules": "MHLBRG",
        "Murray State Racers": "MUR",
        "Muskingum University Fighting Muskies": "MUS",
        "NC State Wolfpack": "NCSU",
        "NEWBERG Bruins": "GFU",
        "Navy Midshipmen": "NAVY",
        "Nebraska Cornhuskers": "NEB",
        "Nebraska Wesleyan Prairie Wolves": "NEBWS",
        "Nebraska-Kearney Lopers": "NEKR",
        "Nevada Wolf Pack": "NEV",
        "New Hampshire Wildcats": "UNH",
        "New Haven Chargers": "NH",
        "New Mexico Highlands Cowboys": "NMH",
        "New Mexico Lobos": "UNM",
        "New Mexico State Aggies": "NMSU",
        "Newberry Wolves": "NBY",
        "Nicholls Colonels": "NICH",
        "Nichols College Bison": "NICHOLS",
        "Norfolk State Spartans": "NORF",
        "North Alabama Lions": "UNA",
        "North Carolina A&T Aggies": "NCAT",
        "North Carolina Central Eagles": "NCCU",
        "North Carolina Tar Heels": "UNC",
        "North Carolina Wesleyan Battling Bishops": "NORTH",
        "North Central College Cardinals": "NOCENTCOL",
        "North Dakota Fighting Hawks": "UND",
        "North Dakota State Bison": "NDSU",
        "North Greenville Crusaders": "NGR",
        "North Park Vikings": "NOR",
        "North Texas Mean Green": "UNT",
        "Northeastern State RiverHawks": "NOR",
        "Northern Arizona Lumberjacks": "NAU",
        "Northern Colorado Bears": "UNCO",
        "Northern Illinois Huskies": "NIU",
        "Northern Iowa Panthers": "UNI",
        "Northern Michigan Wildcats": "NMI",
        "Northern State Wolves": "NRTHERNST",
        "Northwest Missouri St Bearcats": "NWMS",
        "Northwestern (MN) Eagles": "NWMN",
        "Northwestern Oklahoma State Rangers": "NWO",
        "Northwestern State Demons": "NWST",
        "Northwestern Wildcats": "NU",
        "Northwood (MI) Timberwolves": "NAR",
        "Norwich Cadets": "NOR",
        "Notre Dame College (OH) Falcons": "NDOH",
        "Notre Dame Fighting Irish": "ND",
        "Oakland Oaklanders": "LINCOLNCA",
        "Oberlin Yeomen": "OBERLIN",
        "Occidental Tigers": "OCC",
        "Ohio Bobcats": "OHIO",
        "Ohio Midwestern College Rams": "OHI",
        "Ohio Northern Polar Bears": "OHNRTH",
        "Ohio State Buckeyes": "OSU",
        "Ohio State Newark Titans": "OSU",
        "Ohio Wesleyan Battling Bishops": "OHWESL",
        "Oklahoma Baptist Bison": "OB",
        "Oklahoma Panhandle St Ok Panhandle St": "OKLAH",
        "Oklahoma Sooners": "OU",
        "Oklahoma State Cowboys": "OKST",
        "Old Dominion Monarchs": "ODU",
        "Ole Miss Rebels": "MISS",
        "Olivet College Comets": "OLI",
        "Omaha Mavericks": "OMA",
        "Oregon Ducks": "ORE",
        "Oregon State Beavers": "ORST",
        "Otterbein Cardinals": "OTT",
        "Ouachita Baptist Tigers": "OUA",
        "Pace Setters": "PAC",
        "Pacific (OR) Boxers": "PAC",
        "Pacific Lutheran Lutes": "PACLTH",
        "Penn State Nittany Lions": "PSU",
        "PennWest California Vulcans": "PW CAL",
        "Pennsylvania Quakers": "PENN",
        "Pensacola Argonauts": "WEST",
        "Phoenix Firestorm": "AZCHR",
        "Pikeville Bears": "PIKEV",
        "Pittsburg St Gorillas": "PIT",
        "Pittsburgh Panthers": "PITT",
        "Plymouth State Panthers": "PLYST",
        "Point University Skyhawks": "POINT",
        "Pomona Pitzer Sagehens": "POM",
        "Portland State Vikings": "PRST",
        "Post University POSTUNIV": "POST",
        "Prairie View A&M Panthers": "PV",
        "Presbyterian Blue Hose": "PRES",
        "Presentation": "PRE",
        "Princeton Tigers": "PRIN",
        "Principia College Panthers": "PRI",
        "Puget Sound Loggers": "PUGET",
        "Purdue Boilermakers": "PUR",
        "Quincy Hawks": "QUI",
        "Randolph-Macon Yellow Jackets": "RAN",
        "Reading Golden Wolves": "ALVERNIA",
        "Redlands Bulldogs": "RED",
        "Reinhardt University Eagles": "REIN",
        "Rensselaer Engineers": "RPI",
        "Rhode Island Rams": "URI",
        "Rhodes College Lynx": "RHO",
        "Rice Owls": "RICE",
        "Richmond Spiders": "RICH",
        "Ripon Red Hawks": "RIPON",
        "Robert Morris Colonials": "RMU",
        "Robert Morris University-Illinois Lakers": "ROOSE",
        "Rockford Regents": "ROCKF",
        "Rose-Hulman Fightin' Engineers": "ROSEHUL",
        "Rowan Owls": "ROWAN",
        "Rutgers Scarlet Knights": "RUTG",
        "SE Louisiana Lions": "SELA",
        "SMU Mustangs": "SMU",
        "SUNY Maritime Privateers": "SUNYMAR",
        "SUNY Morrisville Mustangs": "MOR",
        "Sacramento State Hornets": "SAC",
        "Sacred Heart Pioneers": "SHU",
        "Saginaw Valley State Cardinals": "SAGI",
        "Saint Augustine's Falcons": "STAUG",
        "Saint John's (MN) Johnnies": "ST J",
        "Saint Vincent Bearcats": "STV",
        "Salisbury Sea Gulls": "SALIS",
        "Salve Regina Seahawks": "SALVE",
        "Sam Houston State Bearkats": "SHSU",
        "Samford Bulldogs": "SAM",
        "San Diego State Aztecs": "SDSU",
        "San Diego Toreros": "USD",
        "San Jose State Spartans": "SJSU",
        "Savannah St Tigers": "SAV",
        "Seton Hill Griffins": "SETONHILL",
        "Sewanee Tigers": "SEWAN",
        "Shaw Bears": "SHA",
        "Shenandoah Hornets": "SHENAN",
        "Shepherd Rams": "SHE",
        "Shepherd Tech Eagles": "STC",
        "Shippensburg Raiders": "SHPSBRG",
        "Shorter Hawks": "SHOR",
        "Simon Fraser Red Leafs": "SIMONFRASR",
        "Simpson College (IA) Storm": "SIMPS",
        "Sioux Falls Cougars": "SIOUX",
        "Slippery Rock The Rock": "SRU",
        "South Alabama Jaguars": "USA",
        "South Carolina Gamecocks": "SC",
        "South Carolina State Bulldogs": "SCST",
        "South Dakota Coyotes": "SDAK",
        "South Dakota Mines Hardrockers": "SDMT",
        "South Dakota State Jackrabbits": "SDST",
        "South Florida Bulls": "USF",
        "Southeast Missouri State Redhawks": "SEMO",
        "Southeastern Oklahoma State Savage Storm": "SEOS",
        "Southern Arkansas Muleriders": "SOU",
        "Southern Connecticut State Owls": "SOU",
        "Southern Illinois Salukis": "SIU",
        "Southern Jaguars": "SOU",
        "Southern Miss Golden Eagles": "USM",
        "Southern Nazarene Crimson Storm": "STN",
        "Southern Oregon Raiders": "SOU",
        "Southern Utah Thunderbirds": "SUU",
        "Southern Virginia Knights": "SVA",
        "Southwest Baptist Bearcats": "SWB",
        "Southwest Minnesota State Mustangs": "SOUTH",
        "Southwestern Assemblies Of God Lions": "SWAOG",
        "Southwestern College Moundbuilders": "SCKS",
        "Southwestern Oklahoma State Bulldogs": "SWO",
        "Southwestern University Pirates": "SW",
        "Springfield Pride": "SPR",
        "St Ambrose University  Iowa Fighting Bees": "STA",
        "St Francis Illinois Fighting Saints": "SFIL",
        "St John Fisher University Cardinals": "SJFISH",
        "St. Anselm Hawks": "STA",
        "St. Francis (PA) Red Flash": "SFPA",
        "St. Joseph's (IN) Pumas": "ST",
        "St. Lawrence Saints": "USL",
        "St. Louis Spartans": "MB",
        "St. Norbert Green Knights": "STN",
        "St. Olaf Oles": "STO",
        "St. Paul's College Tigers": "STP",
        "St. Peter's Peacocks": "SPC",
        "St. Petersburg Glory Eagles": "UFFL",
        "St. Scholastica Saints": "SCHOLA",
        "St. Thomas (MN) Tommies": "STMN",
        "St. Xavier IL Cougars": "STX",
        "Stanford Cardinal": "STAN",
        "Stephen F. Austin Lumberjacks": "SFA",
        "Sterling College Sterling Ks": "STCKS",
        "Stetson Hatters": "STET",
        "Stevenson Mustangs": "STU",
        "Stonehill Skyhawks": "STO",
        "Stony Brook Seawolves": "STBK",
        "Sul Ross State Lobos": "SUL",
        "Susquehanna River Hawks": "SUS",
        "Syracuse Orange": "SYR",
        "TCU Horned Frogs": "TCU",
        "Tarleton State Texans": "TAR",
        "Taylor Trojans": "TAYLOR",
        "Temple Owls": "TEM",
        "Tennessee State Tigers": "TNST",
        "Tennessee Tech Golden Eagles": "TNTC",
        "Tennessee Volunteers": "TENN",
        "Texas A&M Aggies": "TA&M",
        "Texas A&M-Commerce Lions": "TAMC",
        "Texas A&M-Kingsville Javelinas": "TXA",
        "Texas College Steers": "TXCL",
        "Texas Longhorns": "TEX",
        "Texas Lutheran Bulldogs": "TL",
        "Texas Southern Tigers": "TXSO",
        "Texas State Bobcats": "TXST",
        "Texas Tech Red Raiders": "TTU",
        "The Citadel Bulldogs": "CIT",
        "Thiel Tomcats": "THIEL",
        "Thomas More College Saints": "THMORE",
        "Tiffin Dragons": "TIF",
        "Tiffin University Dragons": "TIF",
        "Toledo Rockets": "TOL",
        "Towson Tigers": "TOW",
        "Trine University Thunder": "TRI",
        "Trinity (CT) Bantams": "TRI",
        "Trinity Bible College Lions": "TRINBIB",
        "Trinity College IL Trinity Il": "TRINIL",
        "Trinity University TX Tigers": "TRINTX",
        "Troy Trojans": "TROY",
        "Truman State Bulldogs": "TRU",
        "Tufts Jumbos": "TUF",
        "Tulane Green Wave": "TULN",
        "Tulsa Golden Hurricane": "TLSA",
        "Tuskegee Golden Tigers": "TUS",
        "UAB Blazers": "UAB",
        "UAlbany Great Danes": "ALB",
        "UC Davis Aggies": "UCD",
        "UCF Knights": "UCF",
        "UCLA Bruins": "UCLA",
        "UConn Huskies": "CONN",
        "UL Monroe Warhawks": "ULM",
        "UMass Dartmouth Corsairs": "MASSA",
        "UMass Lowell River Hawks": "UML",
        "UNC Pembroke Braves": "NCPEMB",
        "UNLV Rebels": "UNLV",
        "USC Trojans": "USC",
        "UT Martin Skyhawks": "UTM",
        "UT Permian Basin Falcons": "TXPBAS",
        "UTEP Miners": "UTEP",
        "UTSA Roadrunners": "UTSA",
        "UVA Wise Cavaliers": "VIRWISE",
        "Union (NY) Garnet Chargers": "UNNY",
        "University Of Charleston (WV) Golden Eagles": "CHARLWV",
        "University Of St Francis IN Cougars": "SBP",
        "University of Mary Marauders": "UNIVMARY",
        "University of Mount Union Raiders": "MTU",
        "University of Rochester (NY) Yellow Jackets": "ROC",
        "Upper Iowa University Peacocks": "UPPERIOWA",
        "Ursinus Bears": "URS",
        "Utah State Aggies": "USU",
        "Utah Tech Trailblazers": "UTU",
        "Utah Utes": "UTAH",
        "Utica Pioneers": "UTICA",
        "VMI Keydets": "VMI",
        "Valdosta State Blazers": "VAL",
        "Valley City State Valley City St": "VALCST",
        "Valparaiso Beacons": "VAL",
        "Vanderbilt Commodores": "VAN",
        "Villanova Wildcats": "VILL",
        "Virginia Cavaliers": "UVA",
        "Virginia St Trojans": "VIRST",
        "Virginia Tech Hokies": "VT",
        "Virginia Union Panthers": "VIRGI",
        "Virginia University Of Lynchburg Dragons": "VIRLYN",
        "Wabash College Little Giants": "WAB",
        "Wagner Seahawks": "WAG",
        "Wake Forest Demon Deacons": "WAKE",
        "Waldorf College Warriors": "WAL",
        "Walsh Cavaliers": "WAL",
        "Warner University Royals": "WARNE",
        "Wartburg Knights": "WAR",
        "Washburn Ichabods": "WAS",
        "Washington & Jefferson Presidents": "WAS",
        "Washington Huskies": "WASH",
        "Washington State Cougars": "WSU",
        "Washington University (St. Louis) Bears": "WAS",
        "Washington and Lee Generals": "UWL",
        "Wayland Baptist Pioneers": "WAYLAND",
        "Wayne State (MI) Warriors": "WAY",
        "Wayne State (NE) Wildcats": "WAY",
        "Waynesburg Yellow Jackets": "WAYNEB",
        "Webber International Warriors": "WEBBINT",
        "Weber State Wildcats": "WEB",
        "Wesley College Wolverines": "WES",
        "Wesleyan University (CT) Cardinals": "WES",
        "West Alabama Tigers": "WES",
        "West Chester Golden Rams": "WESTCHSST",
        "West Georgia Wolves": "WGEOCOL",
        "West Liberty Hilltoppers": "WLIBST",
        "West Memphis Crusaders": "FAI",
        "West Texas A&M Buffaloes": "WES",
        "West Virginia Institute Of Tech Golden Bears": "WVT",
        "West Virginia Mountaineers": "WVU",
        "West Virginia State Yellow Jackets": "WEST",
        "West Virginia Wesleyan Bobcats": "WEST",
        "Western Carolina Catamounts": "WCU",
        "Western Colorado Mountaineers": "WESTSTCOL",
        "Western Connecticut St Wolves": "WES",
        "Western Illinois Leathernecks": "WIU",
        "Western Kentucky Hilltoppers": "WKU",
        "Western Michigan Broncos": "WMU",
        "Western New England Golden Bears": "WNWENG",
        "Western New Mexico Mustangs": "WNMEX",
        "Western Oregon Wolves": "WORE",
        "Western Washington Vikings": "WES",
        "Westfield State Owls": "WES",
        "Westminster (PA) Titans": "WMNPA",
        "Westminster College (MO) Blue Jays": "WMN",
        "Wheaton Thunder": "WHEATON",
        "Wheeling Cardinals": "WHEEL",
        "Whittier College Poets": "WHI",
        "Whitworth Pirates": "WHI",
        "Widener Pride": "WID",
        "Wilkes Colonels": "WILKES",
        "Willamette Bearcats": "WLLMTT",
        "William and Mary Tribe": "W&M",
        "William Jewell Cardinals": "WILLI",
        "William Paterson Pioneers": "WILLPAT",
        "William Penn Statesmen": "WILLPENN",
        "Williams Ephs": "WIL",
        "Williamson Trade School Mechanics": "WIL",
        "Wilmington (OH) Fightin' Quakers": "WILMOH",
        "Wilson Bulldogs": "BARTON",
        "Wingate Bulldogs": "WIN",
        "Winona State Warriors": "WIN",
        "Winston-Salem Rams": "WSSTU",
        "Wisconsin Badgers": "WIS",
        "Wisconsin-Eau Claire Blugolds": "WIS",
        "Wisconsin-Lacrosse Eagles": "WISLAC",
        "Wisconsin-Lutheran Warriors": "WISLUTH",
        "Wisconsin-Oshkosh Titans": "WISCO",
        "Wisconsin-Platteville Pioneers": "WIS",
        "Wisconsin-River Falls Falcons": "WISCO",
        "Wisconsin-Stevens Pt Pointers": "WISCSP",
        "Wisconsin-Stout Blue Devils": "WISCO",
        "Wisconsin-Whitewater Warhawks": "WISCWW",
        "Wittenberg Tigers": "WITTEN",
        "Wofford Terriers": "WOF",
        "Wooster Fighting Scots": "WOO",
        "Worcester Polytechnic Institute Engineers": "WORCE",
        "Worcester St Lancers": "WORST",
        "Wright State Raiders": "WRST",
        "Wyoming Cowboys": "WYO",
        "Yale Bulldogs": "YALE",
        "Youngstown State Penguins": "YSU"
    },
    "NCAAB": {
        "Abilene Christian Wildcats": "ACU",
        "Air Force Falcons": "AFA",
        "Akron Zips": "AKR",
        "Alabama A&M Bulldogs": "AAMU",
        "Alabama Crimson Tide": "ALA",
        "Alabama State Hornets": "ALST",
        "Alcorn State Braves": "ALCN",
        "American University Eagles": "AMER",
        "Appalachian State Mountaineers": "APP",
        "Arizona State Sun Devils": "ASU",
        "Arizona Wildcats": "ARIZ",
        "Arkansas Razorbacks": "ARK",
        "Arkansas State Red Wolves": "ARST",
        "Arkansas-Pine Bluff Golden Lions": "UAPB",
        "Army Black Knights": "ARMY",
        "Auburn Tigers": "AUB",
        "Austin Peay Governors": "APSU",
        "BYU Cougars": "BYU",
        "Ball State Cardinals": "BALL",
        "Baylor Bears": "BAY",
        "Bellarmine Knights": "BELL",
        "Belmont Bruins": "BEL",
        "Bethune-Cookman Wildcats": "BCU",
        "Binghamton Bearcats": "BING",
        "Boise State Broncos": "BOIS",
        "Boston College Eagles": "BC",
        "Boston University Terriers": "BU",
        "Bowling Green Falcons": "BGSU",
        "Bradley Braves": "BRAD",
        "Brown Bears": "BRWN",
        "Bryant Bulldogs": "BRY",
        "Bucknell Bison": "BUCK",
        "Buffalo Bulls": "BUFF",
        "Butler Bulldogs": "BUT",
        "Cal Poly Mustangs": "CP",
        "Cal State Bakersfield Roadrunners": "CSUB",
        "Cal State Fullerton Titans": "CSUF",
        "Cal State Northridge Matadors": "CSUN",
        "California Baptist Lancers": "CBU",
        "California Golden Bears": "CAL",
        "Campbell Fighting Camels": "CAM",
        "Canisius Golden Griffins": "CAN",
        "Central Arkansas Bears": "CARK",
        "Central Connecticut Blue Devils": "CCSU",
        "Central Michigan Chippewas": "CMU",
        "Charleston Cougars": "COFC",
        "Charleston Southern Buccaneers": "CHSO",
        "Charlotte 49ers": "CLT",
        "Chattanooga Mocs": "UTC",
        "Chicago State Cougars": "CHST",
        "Cincinnati Bearcats": "CIN",
        "Clemson Tigers": "CLEM",
        "Cleveland State Vikings": "CLEV",
        "Coastal Carolina Chanticleers": "CCU",
        "Colgate Raiders": "COLG",
        "Colorado Buffaloes": "COLO",
        "Colorado State Rams": "CSU",
        "Columbia Lions": "COLU",
        "Coppin State Eagles": "COPP",
        "Cornell Big Red": "COR",
        "Creighton Bluejays": "CREI",
        "Dartmouth Big Green": "DART",
        "Davidson Wildcats": "DAV",
        "Dayton Flyers": "DAY",
        "DePaul Blue Demons": "DEP",
        "Delaware Blue Hens": "DEL",
        "Delaware State Hornets": "DSU",
        "Denver Pioneers": "DEN",
        "Detroit Mercy Titans": "DETM",
        "Drake Bulldogs": "DRKE",
        "Drexel Dragons": "DREX",
        "Duke Blue Devils": "DUKE",
        "Duquesne Dukes": "DUQ",
        "East Carolina Pirates": "ECU",
        "East Tennessee State Buccaneers": "ETSU",
        "Eastern Illinois Panthers": "EIU",
        "Eastern Kentucky Colonels": "EKU",
        "Eastern Michigan Eagles": "EMU",
        "Eastern Washington Eagles": "EWU",
        "Elon Phoenix": "ELON",
        "Evansville Purple Aces": "EVAN",
        "Fairfield Stags": "FAIR",
        "Fairleigh Dickinson Knights": "FDU",
        "Florida A&M Rattlers": "FAMU",
        "Florida Atlantic Owls": "FAU",
        "Florida Gators": "FLA",
        "Florida Gulf Coast Eagles": "FGCU",
        "Florida International Panthers": "FIU",
        "Florida State Seminoles": "FSU",
        "Fordham Rams": "FOR",
        "Fresno State Bulldogs": "FRES",
        "Furman Paladins": "FUR",
        "Gardner-Webb Runnin' Bulldogs": "GWEB",
        "George Mason Patriots": "GMU",
        "George Washington Revolutionaries": "GW",
        "Georgetown Hoyas": "GTWN",
        "Georgia Bulldogs": "UGA",
        "Georgia Southern Eagles": "GASO",
        "Georgia State Panthers": "GAST",
        "Georgia Tech Yellow Jackets": "GT",
        "Gonzaga Bulldogs": "GONZ",
        "Grambling Tigers": "GRAM",
        "Grand Canyon Lopes": "GCU",
        "Green Bay Phoenix": "GB",
        "Hampton Pirates": "HAMP",
        "Harvard Crimson": "HARV",
        "Hawaii Rainbow Warriors": "HAW",
        "High Point Panthers": "HPU",
        "Hofstra Pride": "HOF",
        "Holy Cross Crusaders": "HC",
        "Houston Christian Huskies": "HCU",
        "Houston Cougars": "HOU",
        "Howard Bison": "HOW",
        "IUPUI Jaguars": "IUPU",
        "Idaho State Bengals": "IDST",
        "Idaho Vandals": "IDHO",
        "Illinois Fighting Illini": "ILL",
        "Illinois State Redbirds": "ILST",
        "Incarnate Word Cardinals": "UIW",
        "Indiana Hoosiers": "IU",
        "Indiana State Sycamores": "INST",
        "Iona Gaels": "IONA",
        "Iowa Hawkeyes": "IOWA",
        "Iowa State Cyclones": "ISU",
        "Jackson State Tigers": "JKST",
        "Jacksonville Dolphins": "JAX",
        "Jacksonville State Gamecocks": "JVST",
        "James Madison Dukes": "JMU",
        "Kansas City Roos": "KC",
        "Kansas Jayhawks": "KU",
        "Kansas State Wildcats": "KSU",
        "Kennesaw State Owls": "KENN",
        "Kent State Golden Flashes": "KENT",
        "Kentucky Wildcats": "UK",
        "LSU Tigers": "LSU",
        "La Salle Explorers": "LAS",
        "Lafayette Leopards": "LAF",
        "Lamar Cardinals": "LAM",
        "Le Moyne Dolphins": "LEM",
        "Lehigh Mountain Hawks": "LEH",
        "Liberty Flames": "LIB",
        "Lipscomb Bisons": "LIP",
        "Little Rock Trojans": "LR",
        "Long Beach State Beach": "LBSU",
        "Long Island University Sharks": "LIU",
        "Longwood Lancers": "LONG",
        "Louisiana Ragin' Cajuns": "UL",
        "Louisiana Tech Bulldogs": "LT",
        "Louisville Cardinals": "LOU",
        "Loyola Chicago Ramblers": "LUC",
        "Loyola Maryland Greyhounds": "L-MD",
        "Loyola Marymount Lions": "LMU",
        "Maine Black Bears": "ME",
        "Manhattan Jaspers": "MAN",
        "Marist Red Foxes": "MRST",
        "Marquette Golden Eagles": "MARQ",
        "Marshall Thundering Herd": "MRSH",
        "Maryland Terrapins": "MD",
        "Maryland-Eastern Shore Hawks": "UMES",
        "Massachusetts Minutemen": "MASS",
        "McNeese Cowboys": "MCN",
        "Memphis Tigers": "MEM",
        "Mercer Bears": "MER",
        "Merrimack Warriors": "MRMK",
        "Miami (OH) RedHawks": "M-OH",
        "Miami Hurricanes": "MIA",
        "Michigan State Spartans": "MSU",
        "Michigan Wolverines": "MICH",
        "Middle Tennessee Blue Raiders": "MTSU",
        "Milwaukee Panthers": "MILW",
        "Minnesota Golden Gophers": "MINN",
        "Mississippi State Bulldogs": "MSST",
        "Mississippi Valley State Delta Devils": "MVSU",
        "Missouri State Bears": "MOST",
        "Missouri Tigers": "MIZ",
        "Monmouth Hawks": "MONM",
        "Montana Grizzlies": "MONT",
        "Montana State Bobcats": "MTST",
        "Morehead State Eagles": "MORE",
        "Morgan State Bears": "MORG",
        "Mount St. Mary's Mountaineers": "MSM",
        "Murray State Racers": "MUR",
        "NC State Wolfpack": "NCSU",
        "NJIT Highlanders": "NJIT",
        "Navy Midshipmen": "NAVY",
        "Nebraska Cornhuskers": "NEB",
        "Nevada Wolf Pack": "NEV",
        "New Hampshire Wildcats": "UNH",
        "New Mexico Lobos": "UNM",
        "New Mexico State Aggies": "NMSU",
        "New Orleans Privateers": "UNO",
        "Niagara Purple Eagles": "NIA",
        "Nicholls Colonels": "NICH",
        "Norfolk State Spartans": "NORF",
        "North Alabama Lions": "UNA",
        "North Carolina A&T Aggies": "NCAT",
        "North Carolina Central Eagles": "NCCU",
        "North Carolina Tar Heels": "UNC",
        "North Dakota Fighting Hawks": "UND",
        "North Dakota State Bison": "NDSU",
        "North Florida Ospreys": "UNF",
        "North Texas Mean Green": "UNT",
        "Northeastern Huskies": "NE",
        "Northern Arizona Lumberjacks": "NAU",
        "Northern Colorado Bears": "UNCO",
        "Northern Illinois Huskies": "NIU",
        "Northern Iowa Panthers": "UNI",
        "Northern Kentucky Norse": "NKU",
        "Northwestern State Demons": "NWST",
        "Northwestern Wildcats": "NU",
        "Notre Dame Fighting Irish": "ND",
        "Oakland Golden Grizzlies": "OAK",
        "Ohio Bobcats": "OHIO",
        "Ohio State Buckeyes": "OSU",
        "Oklahoma Sooners": "OU",
        "Oklahoma State Cowboys": "OKST",
        "Old Dominion Monarchs": "ODU",
        "Ole Miss Rebels": "MISS",
        "Omaha Mavericks": "OMA",
        "Oral Roberts Golden Eagles": "ORU",
        "Oregon Ducks": "ORE",
        "Oregon State Beavers": "ORST",
        "Pacific Tigers": "PAC",
        "Penn State Nittany Lions": "PSU",
        "Pennsylvania Quakers": "PENN",
        "Pepperdine Waves": "PEPP",
        "Pittsburgh Panthers": "PITT",
        "Portland Pilots": "PORT",
        "Portland State Vikings": "PRST",
        "Prairie View A&M Panthers": "PV",
        "Presbyterian Blue Hose": "PRES",
        "Princeton Tigers": "PRIN",
        "Providence Friars": "PROV",
        "Purdue Boilermakers": "PUR",
        "Purdue Fort Wayne Mastodons": "PFW",
        "Quinnipiac Bobcats": "QUIN",
        "Radford Highlanders": "RAD",
        "Rhode Island Rams": "URI",
        "Rice Owls": "RICE",
        "Richmond Spiders": "RICH",
        "Rider Broncs": "RID",
        "Robert Morris Colonials": "RMU",
        "Rutgers Scarlet Knights": "RUTG",
        "SE Louisiana Lions": "SELA",
        "SIU Edwardsville Cougars": "SIUE",
        "SMU Mustangs": "SMU",
        "Sacramento State Hornets": "SAC",
        "Sacred Heart Pioneers": "SHU",
        "Saint Joseph's Hawks": "JOES",
        "Saint Louis Billikens": "SLU",
        "Saint Mary's Gaels": "SMC",
        "Saint Peter's Peacocks": "SPU",
        "Sam Houston State Bearkats": "SHSU",
        "Samford Bulldogs": "SAM",
        "San Diego State Aztecs": "SDSU",
        "San Diego Toreros": "USD",
        "San Francisco Dons": "SF",
        "San Jose State Spartans": "SJSU",
        "Santa Clara Broncos": "SCU",
        "Seattle U Redhawks": "SEA",
        "Seton Hall Pirates": "HALL",
        "Siena Saints": "SIE",
        "South Alabama Jaguars": "USA",
        "South Carolina Gamecocks": "SC",
        "South Carolina State Bulldogs": "SCST",
        "South Carolina Upstate Spartans": "UPST",
        "South Dakota Coyotes": "SDAK",
        "South Dakota State Jackrabbits": "SDST",
        "South Florida Bulls": "USF",
        "Southeast Missouri State Redhawks": "SEMO",
        "Southern Illinois Salukis": "SIU",
        "Southern Jaguars": "SOU",
        "Southern Miss Golden Eagles": "USM",
        "Southern Utah Thunderbirds": "SUU",
        "St. Bonaventure Bonnies": "SBU",
        "St. Francis (PA) Red Flash": "SFPA",
        "St. John's Red Storm": "SJU",
        "St. Thomas-Minnesota Tommies": "STMN",
        "Stanford Cardinal": "STAN",
        "Stephen F. Austin Lumberjacks": "SFA",
        "Stetson Hatters": "STET",
        "Stonehill Skyhawks": "STO",
        "Stony Brook Seawolves": "STBK",
        "Syracuse Orange": "SYR",
        "TCU Horned Frogs": "TCU",
        "Tarleton State Texans": "TAR",
        "Temple Owls": "TEM",
        "Tennessee State Tigers": "TNST",
        "Tennessee Tech Golden Eagles": "TNTC",
        "Tennessee Volunteers": "TENN",
        "Texas A&M Aggies": "TA&M",
        "Texas A&M-Commerce Lions": "TAMC",
        "Texas A&M-Corpus Christi Islanders": "AMCC",
        "Texas Longhorns": "TEX",
        "Texas Southern Tigers": "TXSO",
        "Texas State Bobcats": "TXST",
        "Texas Tech Red Raiders": "TTU",
        "The Citadel Bulldogs": "CIT",
        "Toledo Rockets": "TOL",
        "Towson Tigers": "TOW",
        "Troy Trojans": "TROY",
        "Tulane Green Wave": "TULN",
        "Tulsa Golden Hurricane": "TLSA",
        "UAB Blazers": "UAB",
        "UAlbany Great Danes": "ALB",
        "UC Davis Aggies": "UCD",
        "UC Irvine Anteaters": "UCI",
        "UC Riverside Highlanders": "UCR",
        "UC San Diego Tritons": "UCSD",
        "UC Santa Barbara Gauchos": "UCSB",
        "UCF Knights": "UCF",
        "UCLA Bruins": "UCLA",
        "UConn Huskies": "CONN",
        "UIC Flames": "UIC",
        "UL Monroe Warhawks": "ULM",
        "UMBC Retrievers": "UMBC",
        "UMass Lowell River Hawks": "UML",
        "UNC Asheville Bulldogs": "UNCA",
        "UNC Greensboro Spartans": "UNCG",
        "UNC Wilmington Seahawks": "UNCW",
        "UNLV Rebels": "UNLV",
        "USC Trojans": "USC",
        "UT Arlington Mavericks": "UTA",
        "UT Martin Skyhawks": "UTM",
        "UT Rio Grande Valley Vaqueros": "RGV",
        "UTEP Miners": "UTEP",
        "UTSA Roadrunners": "UTSA",
        "Utah State Aggies": "USU",
        "Utah Tech Trailblazers": "UTU",
        "Utah Utes": "UTAH",
        "Utah Valley Wolverines": "UVU",
        "VCU Rams": "VCU",
        "VMI Keydets": "VMI",
        "Valparaiso Beacons": "VAL",
        "Vanderbilt Commodores": "VAN",
        "Vermont Catamounts": "UVM",
        "Villanova Wildcats": "VILL",
        "Virginia Cavaliers": "UVA",
        "Virginia Tech Hokies": "VT",
        "Wagner Seahawks": "WAG",
        "Wake Forest Demon Deacons": "WAKE",
        "Washington Huskies": "WASH",
        "Washington State Cougars": "WSU",
        "Weber State Wildcats": "WEB",
        "West Virginia Mountaineers": "WVU",
        "Western Carolina Catamounts": "WCU",
        "Western Illinois Leathernecks": "WIU",
        "Western Kentucky Hilltoppers": "WKU",
        "Western Michigan Broncos": "WMU",
        "Wichita State Shockers": "WICH",
        "William and Mary Tribe": "W&M",
        "Winthrop Eagles": "WIN",
        "Wisconsin Badgers": "WIS",
        "Wofford Terriers": "WOF",
        "Wright State Raiders": "WRST",
        "Wyoming Cowboys": "WYO",
        "Xavier Musketeers": "XAV",
        "Yale Bulldogs": "YALE",
        "Youngstown State Penguins": "YSU"
    },
    "WNBA": {
        "Atlanta Dream": "ATL",
        "Chicago Sky": "CHI",
        "Connecticut Sun": "CON",
        "Dallas Wings": "DAL",
        "Indiana Fever": "IND",
        "Las Vegas Aces": "LV",
        "Los Angeles Sparks": "LAS",
        "Minnesota Lynx": "MIN",
        "New York Liberty": "NYL",
        "Phoenix Mercury": "PHX",
        "Seattle Storm": "SEA",
        "Washington Mystics": "WSH"
    }
}